Id;F_wh;C_wh;F_coord;C_coord
15592;160676;107240;48.181267,42.519086;47.199631,39.696202
15593;160676;92413;48.181267,42.519086;47.122418,39.381765
15596;160676;93246;48.181267,42.519086;44.737545,37.777481
18207;202611;170325;54.056017,80.785296;50.629961,38.688095
18210;202611;130693;54.056017,80.785296;50.810427,42.013945
18211;202611;107375;54.056017,80.785296;51.646952508489,39.472849409693
18212;202611;107240;54.056017,80.785296;47.199631,39.696202
18213;202611;107241;54.056017,80.785296;51.48596,40.42638
18214;202611;107242;54.056017,80.785296;50.970211,39.565488
18215;202611;107243;54.056017,80.785296;45.027463,39.009871
18216;202611;107244;54.056017,80.785296;44.624668,40.733648
18217;202611;97863;54.056017,80.785296;44.987883,41.083902
18218;202611;173802;54.056017,80.785296;47.234512,39.743858
18219;202611;170324;54.056017,80.785296;50.987298,39.497099
18225;202611;92413;54.056017,80.785296;47.122418,39.381765
18226;202611;93246;54.056017,80.785296;44.737545,37.777481
18251;202611;93873;54.056017,80.785296;46.347869,48.033574
18253;202611;12642;54.056017,80.785296;44.733885899794,37.78393165145
18402;204781;170325;69.351032419591,88.202377629639;50.629961,38.688095
18404;204781;130693;69.351032419591,88.202377629639;50.810427,42.013945
18405;204781;107375;69.351032419591,88.202377629639;51.646952508489,39.472849409693
18406;204781;107240;69.351032419591,88.202377629639;47.199631,39.696202
18407;204781;107241;69.351032419591,88.202377629639;51.48596,40.42638
18408;204781;107242;69.351032419591,88.202377629639;50.970211,39.565488
18409;204781;107243;69.351032419591,88.202377629639;45.027463,39.009871
18410;204781;107244;69.351032419591,88.202377629639;44.624668,40.733648
18411;204781;97863;69.351032419591,88.202377629639;44.987883,41.083902
18412;204781;173802;69.351032419591,88.202377629639;47.234512,39.743858
18413;204781;170324;69.351032419591,88.202377629639;50.987298,39.497099
18415;204781;92413;69.351032419591,88.202377629639;47.122418,39.381765
18416;204781;93246;69.351032419591,88.202377629639;44.737545,37.777481
18444;204781;93873;69.351032419591,88.202377629639;46.347869,48.033574
18446;204781;12642;69.351032419591,88.202377629639;44.733885899794,37.78393165145
19380;204781;18177;69.351032419591,88.202377629639;51.350031,39.298653
19390;202611;18177;54.056017,80.785296;51.350031,39.298653
20315;204781;175735;69.351032419591,88.202377629639;53.212091,39.44709
20323;202611;175735;54.056017,80.785296;53.212091,39.44709
20418;204781;175723;69.351032419591,88.202377629639;51.656758,38.893369
20427;202611;175723;54.056017,80.785296;51.656758,38.893369
20558;204781;224813;69.351032419591,88.202377629639;47.187697,39.642806
20566;202611;224813;54.056017,80.785296;47.187697,39.642806
21215;204781;230873;69.351032419591,88.202377629639;49.05233577425,44.83367674177
21223;202611;230873;54.056017,80.785296;49.05233577425,44.83367674177
21611;204781;218553;69.351032419591,88.202377629639;51.883951,45.003197
21620;202611;218553;54.056017,80.785296;51.883951,45.003197
21887;204781;235435;69.351032419591,88.202377629639;48.903363,40.363884
21895;202611;235435;54.056017,80.785296;48.903363,40.363884
26285;204781;262978;69.351032419591,88.202377629639;44.723912,37.768974
26293;202611;262978;54.056017,80.785296;44.723912,37.768974
27599;204781;262979;69.351032419591,88.202377629639;47.112442,39.423581
27607;202611;262979;54.056017,80.785296;47.112442,39.423581
29161;204781;297671;69.351032419591,88.202377629639;44.70312,37.776718
29169;202611;297671;54.056017,80.785296;44.70312,37.776718
29314;204781;92414;69.351032419591,88.202377629639;47.209549,39.71769
29324;202611;92414;54.056017,80.785296;47.209549,39.71769
29675;204781;302609;69.351032419591,88.202377629639;44.738025,37.774813
29683;202611;302609;54.056017,80.785296;44.738025,37.774813
29786;204781;302608;69.351032419591,88.202377629639;47.121063,39.380956
29795;202611;302608;54.056017,80.785296;47.121063,39.380956
30330;204781;309258;69.351032419591,88.202377629639;49.189207,44.076513
30338;202611;309258;54.056017,80.785296;49.189207,44.076513
32662;204781;899;69.351032419591,88.202377629639;50.959986217419,42.361722275885
32671;202611;899;54.056017,80.785296;50.959986217419,42.361722275885
34603;204781;16910;69.351032419591,88.202377629639;50.96105,42.362519
34613;202611;16910;54.056017,80.785296;50.96105,42.362519
36772;204781;328206;69.351032419591,88.202377629639;47.118647,39.336319
36774;204781;330087;69.351032419591,88.202377629639;44.737860134279,37.775546230771
36801;202611;328206;54.056017,80.785296;47.118647,39.336319
36803;202611;330087;54.056017,80.785296;44.737860134279,37.775546230771
37518;331258;331551;51.991901,44.700097;47.125646068958,39.429415875834
37519;331095;331551;46.130536,39.790965;47.125646068958,39.429415875834
37521;330929;331551;46.163153,40.270612;47.125646068958,39.429415875834
37522;330850;331551;45.979615,39.622962;47.125646068958,39.429415875834
37523;330771;331551;44.205045,41.558994;47.125646068958,39.429415875834
37524;330676;331551;44.512959,41.43605;47.125646068958,39.429415875834
37525;330593;331551;46.173651,40.487303;47.125646068958,39.429415875834
37526;330509;331551;45.929213,40.580081;47.125646068958,39.429415875834
37528;329600;331551;45.953825,40.707004;47.125646068958,39.429415875834
37529;329519;331551;46.092574,40.685382;47.125646068958,39.429415875834
37530;329438;331551;45.987487,40.565601;47.125646068958,39.429415875834
37532;329276;331551;49.765861,43.649292;47.125646068958,39.429415875834
37533;329195;331551;50.645334,41.974195;47.125646068958,39.429415875834
37534;329047;331551;50.743246,41.86593;47.125646068958,39.429415875834
37535;328966;331551;51.252943,42.466552;47.125646068958,39.429415875834
37538;327642;331551;46.202058,40.382802;47.125646068958,39.429415875834
37539;327549;331551;46.224015,40.622284;47.125646068958,39.429415875834
37541;327375;331551;48.707073,44.51693;47.125646068958,39.429415875834
37542;327288;331551;50.524149,41.67608;47.125646068958,39.429415875834
37543;326942;331551;49.701854,40.781888;47.125646068958,39.429415875834
37544;326768;331551;50.40865,41.752365;47.125646068958,39.429415875834
37545;326509;331551;49.310784,44.945247;47.125646068958,39.429415875834
37546;326423;331551;50.497467,43.622505;47.125646068958,39.429415875834
37547;326337;331551;50.364154137551,44.106785291015;47.125646068958,39.429415875834
37548;326251;331551;50.440925,44.443421;47.125646068958,39.429415875834
37549;326157;331551;50.45925,44.211144;47.125646068958,39.429415875834
37551;45525;331551;51.367674658959,46.834418216856;47.125646068958,39.429415875834
37552;325633;331551;49.765454,45.388368;47.125646068958,39.429415875834
37553;325546;331551;50.028494,42.13891;47.125646068958,39.429415875834
37554;325459;331551;50.075923,42.051073;47.125646068958,39.429415875834
37556;325285;331551;50.011686,41.88342;47.125646068958,39.429415875834
37557;325197;331551;45.615877,38.935069;47.125646068958,39.429415875834
37558;325110;331551;45.718873,39.305749;47.125646068958,39.429415875834
37559;325023;331551;45.540668,38.786406;47.125646068958,39.429415875834
37560;324936;331551;45.643904,39.148993;47.125646068958,39.429415875834
37561;324849;331551;45.71898,39.204698;47.125646068958,39.429415875834
37562;324762;331551;45.449212,39.010123;47.125646068958,39.429415875834
37564;324588;331551;50.443862,39.530319;47.125646068958,39.429415875834
37565;324400;331551;51.237714,41.949994;47.125646068958,39.429415875834
37566;324153;331551;51.190773,42.245576;47.125646068958,39.429415875834
37567;324034;331551;51.391791,42.815045;47.125646068958,39.429415875834
37568;323935;331551;46.243758,40.154549;47.125646068958,39.429415875834
37569;323761;331551;46.332607,39.962032;47.125646068958,39.429415875834
37570;323587;331551;45.506166,39.267005;47.125646068958,39.429415875834
37571;323348;331551;45.420524,39.195912;47.125646068958,39.429415875834
37572;323266;331551;46.31604,38.952559;47.125646068958,39.429415875834
37573;323181;331551;46.125839,38.9658;47.125646068958,39.429415875834
37574;323096;331551;46.325183,38.744922;47.125646068958,39.429415875834
37575;323010;331551;46.084805,38.971944;47.125646068958,39.429415875834
37576;322925;331551;46.13971,38.696862;47.125646068958,39.429415875834
37577;322838;331551;46.333087,38.864488;47.125646068958,39.429415875834
37578;322751;331551;46.022273,38.723991;47.125646068958,39.429415875834
37579;322490;331551;45.485677,38.661747;47.125646068958,39.429415875834
37580;322403;331551;45.433017,38.724351;47.125646068958,39.429415875834
37582;322228;331551;45.627816,38.49952;47.125646068958,39.429415875834
37584;322054;331551;45.443597,40.67259;47.125646068958,39.429415875834
37585;321967;331551;45.655516,40.755675;47.125646068958,39.429415875834
37586;321880;331551;46.35771,38.268878;47.125646068958,39.429415875834
37587;321793;331551;46.411912,37.955384;47.125646068958,39.429415875834
37588;321165;331551;46.426306,38.463085;47.125646068958,39.429415875834
37589;321078;331551;46.49133,38.280583;47.125646068958,39.429415875834
37590;320991;331551;45.29465,39.265487;47.125646068958,39.429415875834
37592;320817;331551;45.392156,40.763437;47.125646068958,39.429415875834
37593;320730;331551;45.308071,40.939875;47.125646068958,39.429415875834
37594;320643;331551;45.175051,40.599287;47.125646068958,39.429415875834
37595;320556;331551;45.855408,39.656227;47.125646068958,39.429415875834
37596;320469;331551;45.5964,39.800721;47.125646068958,39.429415875834
37598;320295;331551;45.637899,39.897164;47.125646068958,39.429415875834
37599;320156;331551;45.782359,39.219026;47.125646068958,39.429415875834
37601;319981;331551;45.269416,38.465205;47.125646068958,39.429415875834
37604;319720;331551;45.79122,39.367365;47.125646068958,39.429415875834
37605;319633;331551;44.932561,39.756874;47.125646068958,39.429415875834
37606;319546;331551;45.774294,41.061408;47.125646068958,39.429415875834
37607;319459;331551;46.073665,40.871324;47.125646068958,39.429415875834
37609;317488;331551;45.88477,40.993154;47.125646068958,39.429415875834
37614;316616;331551;45.805641,41.212576;47.125646068958,39.429415875834
37615;316531;331551;50.307689,39.884723;47.125646068958,39.429415875834
37616;316425;331551;51.076298,38.64105;47.125646068958,39.429415875834
37617;316339;331551;51.262418,38.658414;47.125646068958,39.429415875834
37618;316248;331551;50.432749,39.634676;47.125646068958,39.429415875834
37619;316146;331551;45.038114,37.889645;47.125646068958,39.429415875834
37620;315972;331551;46.279572,39.813459;47.125646068958,39.429415875834
37621;315884;331551;46.320721,39.970521;47.125646068958,39.429415875834
37622;315796;331551;46.481786,39.890777;47.125646068958,39.429415875834
37623;315089;331551;46.288522,40.266318;47.125646068958,39.429415875834
37624;315001;331551;46.473837,39.951081;47.125646068958,39.429415875834
37625;314913;331551;50.530288,41.818265;47.125646068958,39.429415875834
37626;314825;331551;50.28614,41.736294;47.125646068958,39.429415875834
37627;314738;331551;50.858474,43.855177;47.125646068958,39.429415875834
37629;314566;331551;49.662294,45.73872;47.125646068958,39.429415875834
37630;314263;331551;49.648852,45.463512;47.125646068958,39.429415875834
37631;314176;331551;44.649215,41.071235;47.125646068958,39.429415875834
37632;314089;331551;44.715976,40.870372;47.125646068958,39.429415875834
37633;314002;331551;44.496508,41.087333;47.125646068958,39.429415875834
37634;313915;331551;46.736809,39.565264;47.125646068958,39.429415875834
37635;313828;331551;45.125553,40.146707;47.125646068958,39.429415875834
37636;313741;331551;45.110721,40.28653;47.125646068958,39.429415875834
37637;313654;331551;44.765985,40.659385;47.125646068958,39.429415875834
37638;313191;331551;45.083139,40.435686;47.125646068958,39.429415875834
37639;313118;331551;44.883694,40.821782;47.125646068958,39.429415875834
37640;312972;331551;44.9884,40.47815;47.125646068958,39.429415875834
37641;312826;331551;44.934986,37.986196;47.125646068958,39.429415875834
37642;312753;331551;50.186999,43.549427;47.125646068958,39.429415875834
37643;312670;331551;50.073922,42.617209;47.125646068958,39.429415875834
37644;312580;331551;49.67578,42.317297;47.125646068958,39.429415875834
37645;312488;331551;49.85801,42.33574;47.125646068958,39.429415875834
37647;312316;331551;49.989793,42.635175;47.125646068958,39.429415875834
37648;312199;331551;50.187311,44.502422;47.125646068958,39.429415875834
37650;311641;331551;47.631528,43.142625;47.125646068958,39.429415875834
37651;311552;331551;47.637302,43.187082;47.125646068958,39.429415875834
37653;311429;331551;47.60151,43.574921;47.125646068958,39.429415875834
37654;311322;331551;47.634813,43.323087;47.125646068958,39.429415875834
37656;311144;331551;49.162533,42.962288;47.125646068958,39.429415875834
37657;311055;331551;50.552962,43.000304;47.125646068958,39.429415875834
37658;310863;331551;50.733675,42.929625;47.125646068958,39.429415875834
37659;310761;331551;50.027371,45.127398;47.125646068958,39.429415875834
37660;288125;331551;46.012076696328,38.929534039194;47.125646068958,39.429415875834
37661;307438;331551;50.418988,45.699158;47.125646068958,39.429415875834
37662;307353;331551;44.414357,40.790278;47.125646068958,39.429415875834
37663;307267;331551;44.334204,40.78125;47.125646068958,39.429415875834
37664;307182;331551;46.102561,39.293559;47.125646068958,39.429415875834
37665;307097;331551;46.242281,39.590839;47.125646068958,39.429415875834
37666;307012;331551;46.105691,39.549426;47.125646068958,39.429415875834
37667;306927;331551;46.193836,39.543929;47.125646068958,39.429415875834
37668;306757;331551;46.106079,39.419799;47.125646068958,39.429415875834
37669;306582;331551;49.301304,43.982846;47.125646068958,39.429415875834
37670;306500;331551;49.481396,43.859381;47.125646068958,39.429415875834
37671;306417;331551;49.352779,44.033996;47.125646068958,39.429415875834
37674;305630;331551;50.776715,45.060339;47.125646068958,39.429415875834
37675;305545;331551;49.88777,41.651511;47.125646068958,39.429415875834
37676;305460;331551;45.82034,40.787655;47.125646068958,39.429415875834
37677;305358;331551;45.822582917855,40.90862800597;47.125646068958,39.429415875834
37678;305273;331551;44.808783,41.037593;47.125646068958,39.429415875834
37681;304932;331551;45.547915,39.187576;47.125646068958,39.429415875834
37683;304659;331551;45.734207459137,38.722386260493;47.125646068958,39.429415875834
37685;304489;331551;46.175711,40.60324;47.125646068958,39.429415875834
37686;304404;331551;50.998529,40.705756;47.125646068958,39.429415875834
37687;304319;331551;48.947682,43.9162;47.125646068958,39.429415875834
37688;10489;331551;50.959085391839,42.363894707989;47.125646068958,39.429415875834
37690;300035;331551;45.098207,39.665695;47.125646068958,39.429415875834
37691;298122;331551;45.228747,39.901458;47.125646068958,39.429415875834
37692;120468;331551;45.61478,38.934332;47.125646068958,39.429415875834
37693;298623;331551;45.503683,38.950142;47.125646068958,39.429415875834
37695;298153;331551;46.052662248496,39.883173470188;47.125646068958,39.429415875834
37697;274555;331551;50.126086355483,41.961925324264;47.125646068958,39.429415875834
37698;262911;331551;52.014372,41.173482;47.125646068958,39.429415875834
37699;262888;331551;50.764194,41.397566;47.125646068958,39.429415875834
37700;259526;331551;51.304151,42.660975;47.125646068958,39.429415875834
37701;116207;331551;51.360623997231,38.230649591589;47.125646068958,39.429415875834
37702;101329;331551;51.638361,41.508338;47.125646068958,39.429415875834
37703;85449;331551;51.695255,39.018953;47.125646068958,39.429415875834
37704;168464;331551;51.631485,39.570357;47.125646068958,39.429415875834
37705;101053;331551;51.759944,40.72789;47.125646068958,39.429415875834
37706;256837;331551;50.942949,39.483822;47.125646068958,39.429415875834
37707;254166;331551;50.860139,39.082365;47.125646068958,39.429415875834
37708;249770;331551;45.789737,39.443165;47.125646068958,39.429415875834
37709;237419;331551;45.807199,39.159656;47.125646068958,39.429415875834
37712;207903;331551;46.546867,48.627441;47.125646068958,39.429415875834
37713;207701;331551;47.75838,46.40756;47.125646068958,39.429415875834
37714;207496;331551;45.781837,47.223815;47.125646068958,39.429415875834
37715;207283;331551;48.586634,45.736744;47.125646068958,39.429415875834
37716;207068;331551;56.371256,75.236357;47.125646068958,39.429415875834
37717;206870;331551;56.278887,70.867455;47.125646068958,39.429415875834
37718;206669;331551;53.778852,73.878365;47.125646068958,39.429415875834
37719;206460;331551;57.510578,72.401903;47.125646068958,39.429415875834
37720;206170;331551;54.828844,84.6789;47.125646068958,39.429415875834
37721;205972;331551;55.214532,75.97409;47.125646068958,39.429415875834
37722;205774;331551;53.734294,78.042389;47.125646068958,39.429415875834
37723;205576;331551;56.562356,76.622745;47.125646068958,39.429415875834
37724;205378;331551;58.603398,99.179748;47.125646068958,39.429415875834
37725;205178;331551;56.210117,89.531258;47.125646068958,39.429415875834
37726;204980;331551;52.23931,93.024833;47.125646068958,39.429415875834
37727;204781;331551;69.351032419591,88.202377629639;47.125646068958,39.429415875834
37728;204491;331551;51.198760372747,49.726530333313;47.125646068958,39.429415875834
37729;204243;331551;51.750065,42.758712;47.125646068958,39.429415875834
37730;203515;331551;50.466326,48.132119;47.125646068958,39.429415875834
37731;203456;331551;52.495501,48.105772;47.125646068958,39.429415875834
37732;203205;331551;52.844158,86.477156;47.125646068958,39.429415875834
37733;203007;331551;53.331386,78.329203;47.125646068958,39.429415875834
37734;202809;331551;50.817296,81.96146;47.125646068958,39.429415875834
37735;202611;331551;54.056017,80.785296;47.125646068958,39.429415875834
37736;202361;331551;54.349886,63.056397;47.125646068958,39.429415875834
37737;202156;331551;54.990628,57.278469;47.125646068958,39.429415875834
37738;201958;331551;52.422348,60.336801;47.125646068958,39.429415875834
37739;201759;331551;56.205951,61.502842;47.125646068958,39.429415875834
37740;201561;331551;55.065035,67.887375;47.125646068958,39.429415875834
37741;201363;331551;55.329252,62.369653;47.125646068958,39.429415875834
37742;201080;331551;54.370142,64.388374;47.125646068958,39.429415875834
37743;200874;331551;56.519705,64.633057;47.125646068958,39.429415875834
37744;200658;331551;53.476283,51.941084;47.125646068958,39.429415875834
37745;200442;331551;53.377259,48.023971;47.125646068958,39.429415875834
37746;199995;331551;52.095264,50.867337;47.125646068958,39.429415875834
37747;199556;331551;54.433653,51.466315;47.125646068958,39.429415875834
37748;199128;331551;53.111703,46.828259;47.125646068958,39.429415875834
37749;198930;331551;53.446904,42.415645;47.125646068958,39.429415875834
37750;198732;331551;52.455683,44.202735;47.125646068958,39.429415875834
37751;198534;331551;53.868589,44.854167;47.125646068958,39.429415875834
37752;198335;331551;51.202495,61.451054;47.125646068958,39.429415875834
37753;198137;331551;51.802207,50.972251;47.125646068958,39.429415875834
37754;197939;331551;50.732985,55.569999;47.125646068958,39.429415875834
37755;197741;331551;54.229322,52.705281;47.125646068958,39.429415875834
37756;197543;331551;55.723293,54.049816;47.125646068958,39.429415875834
37757;197345;331551;54.964153,48.290142;47.125646068958,39.429415875834
37758;197147;331551;54.428117,50.804958;47.125646068958,39.429415875834
37759;196949;331551;56.525271,50.29961;47.125646068958,39.429415875834
37760;196751;331551;54.319176,59.378631;47.125646068958,39.429415875834
37761;196553;331551;54.481448,53.46557;47.125646068958,39.429415875834
37762;196355;331551;51.863733,58.21719;47.125646068958,39.429415875834
37763;196157;331551;56.264957,54.929824;47.125646068958,39.429415875834
37764;195959;331551;44.794258,45.210897;47.125646068958,39.429415875834
37765;195761;331551;45.572027,41.03259;47.125646068958,39.429415875834
37766;195563;331551;43.72219,44.835069;47.125646068958,39.429415875834
37767;195346;331551;46.074509,43.102901;47.125646068958,39.429415875834
37768;195148;331551;47.119671,43.891164;47.125646068958,39.429415875834
37769;194950;331551;47.335743,38.382694;47.125646068958,39.429415875834
37770;194752;331551;46.00262,41.267859;47.125646068958,39.429415875834
37771;194499;331551;49.790909,41.152847;47.125646068958,39.429415875834
37772;194250;331551;50.050167,46.880398;47.125646068958,39.429415875834
37773;194033;331551;50.794522,41.995844;47.125646068958,39.429415875834
37775;193619;331551;50.978713,44.778834;47.125646068958,39.429415875834
37776;193401;331551;44.39317,41.515614;47.125646068958,39.429415875834
37777;192474;331551;45.215581,36.718404;47.125646068958,39.429415875834
37778;191899;331551;43.512822,39.8737;47.125646068958,39.429415875834
37779;191701;331551;46.711524,38.276451;47.125646068958,39.429415875834
37780;190893;331551;54.142795,38.664873;47.125646068958,39.429415875834
37781;190679;331551;54.098505,36.247372;47.125646068958,39.429415875834
37782;190459;331551;53.137598,38.117673;47.125646068958,39.429415875834
37783;190261;331551;54.732714,37.397674;47.125646068958,39.429415875834
37784;190046;331551;52.558289,42.973822;47.125646068958,39.429415875834
37785;189848;331551;52.63205,40.25446;47.125646068958,39.429415875834
37786;189650;331551;51.842282,41.461796;47.125646068958,39.429415875834
37787;189452;331551;53.672367,41.668372;47.125646068958,39.429415875834
37788;189223;331551;54.558122,42.46967;47.125646068958,39.429415875834
37789;189008;331551;54.232506,39.023508;47.125646068958,39.429415875834
37790;188810;331551;53.579186,39.450513;47.125646068958,39.429415875834
37791;188601;331551;55.131038,40.175786;47.125646068958,39.429415875834
37792;188349;331551;52.785736,37.676619;47.125646068958,39.429415875834
37793;188151;331551;52.853653,35.189839;47.125646068958,39.429415875834
37794;187919;331551;52.056353391323,37.535015002673;47.125646068958,39.429415875834
37795;187664;331551;53.443097,36.005087;47.125646068958,39.429415875834
37796;187419;331551;52.166735,40.472221;47.125646068958,39.429415875834
37797;187221;331551;52.690887,37.964133;47.125646068958,39.429415875834
37798;187023;331551;52.043386,39.736069;47.125646068958,39.429415875834
37799;186825;331551;53.246197,39.134414;47.125646068958,39.429415875834
37800;186627;331551;51.828765,38.130519;47.125646068958,39.429415875834
37801;186428;331551;51.623126,34.346627;47.125646068958,39.429415875834
37802;186213;331551;51.01399,35.639374;47.125646068958,39.429415875834
37803;186015;331551;52.317882,36.301055;47.125646068958,39.429415875834
37804;185817;331551;51.342274,42.68611;47.125646068958,39.429415875834
37805;185619;331551;51.685205,38.325166;47.125646068958,39.429415875834
37806;185405;331551;49.702058,39.854099;47.125646068958,39.429415875834
37807;185207;331551;51.835727,40.799243;47.125646068958,39.429415875834
37808;185009;331551;50.629961,38.688095;47.125646068958,39.429415875834
37809;184811;331551;50.644591,35.552417;47.125646068958,39.429415875834
37810;184613;331551;49.929088,38.866114;47.125646068958,39.429415875834
37811;184365;331551;51.298075,37.833447;47.125646068958,39.429415875834
37812;174337;331551;45.973333,41.814663;47.125646068958,39.429415875834
37813;173929;331551;51.772468,41.953516;47.125646068958,39.429415875834
37814;173768;331551;50.290337649492,42.186750431694;47.125646068958,39.429415875834
37815;173249;331551;51.551746299864,46.293481219919;47.125646068958,39.429415875834
37816;60736;331551;50.73186284618,43.051455851806;47.125646068958,39.429415875834
37817;102729;331551;50.604914251866,43.177965270019;47.125646068958,39.429415875834
37819;158879;331551;45.580039,39.65541;47.125646068958,39.429415875834
37820;110492;331551;50.534129,40.982167;47.125646068958,39.429415875834
37821;105167;331551;49.503036419119,42.400508385055;47.125646068958,39.429415875834
37822;95230;331551;50.166644775098,42.909195529175;47.125646068958,39.429415875834
37824;95056;331551;50.088888,43.007275;47.125646068958,39.429415875834
37825;77004;331551;51.99514,40.532237;47.125646068958,39.429415875834
37826;27003;331551;45.368536,41.708644;47.125646068958,39.429415875834
37827;17691;331551;49.734622,40.392325;47.125646068958,39.429415875834
37828;20203;331551;50.959035560975,42.364113846748;47.125646068958,39.429415875834
37829;9926;331551;51.160793311564,42.278398572766;47.125646068958,39.429415875834
37831;5204;331551;50.17091,40.401083;47.125646068958,39.429415875834
37841;331578;331551;51.834063,44.833065;47.125646068958,39.429415875834
37854;331634;331551;51.972598,44.894618;47.125646068958,39.429415875834
37879;331757;331551;52.510992,46.175337;47.125646068958,39.429415875834
37892;331814;331551;52.160277,46.719725;47.125646068958,39.429415875834
37905;331871;331551;52.279886,46.408486;47.125646068958,39.429415875834
37918;331929;331551;52.36636,46.017503;47.125646068958,39.429415875834
37931;331988;331551;52.228538,46.341804;47.125646068958,39.429415875834
37957;332100;331551;52.278933,46.642542;47.125646068958,39.429415875834
37970;332155;331551;52.330921,46.367388;47.125646068958,39.429415875834
38009;332327;331551;52.221791,46.624701;47.125646068958,39.429415875834
38022;332383;331551;51.754179,47.48358;47.125646068958,39.429415875834
38035;332438;331551;51.730874,47.791963;47.125646068958,39.429415875834
38048;332493;331551;51.574292,43.604754;47.125646068958,39.429415875834
38073;332603;331551;51.554601,43.146469;47.125646068958,39.429415875834
38086;332658;331551;51.487928,43.431909;47.125646068958,39.429415875834
38099;332717;331551;50.72015,45.916865;47.125646068958,39.429415875834
38112;332776;331551;50.379145,46.910626;47.125646068958,39.429415875834
38125;332831;331551;50.39943,47.106549;47.125646068958,39.429415875834
38138;332891;331551;50.424279,46.817031;47.125646068958,39.429415875834
38151;332950;331551;44.447655,41.498681;47.125646068958,39.429415875834
38177;333066;331551;52.342235,46.768144;47.125646068958,39.429415875834
38190;333121;331551;52.55571,46.543305;47.125646068958,39.429415875834
38203;333176;331551;52.503472,46.805873;47.125646068958,39.429415875834
38216;333231;331551;52.438892,46.718153;47.125646068958,39.429415875834
38229;333286;331551;51.732576,44.711568;47.125646068958,39.429415875834
38248;333399;331551;51.917743,46.578438;47.125646068958,39.429415875834
38258;333454;331551;52.049041,46.743953;47.125646068958,39.429415875834
38278;333564;331551;51.786382,46.333791;47.125646068958,39.429415875834
38288;333619;331551;51.826249,46.936435;47.125646068958,39.429415875834
38307;333729;331551;51.326973,48.24554;47.125646068958,39.429415875834
38317;333784;331551;51.0216,45.673035;47.125646068958,39.429415875834
38327;333897;331551;51.596307,42.673327;47.125646068958,39.429415875834
38334;333943;331551;45.628105,39.475324;47.125646068958,39.429415875834
38361;333947;331551;51.881699,42.871306;47.125646068958,39.429415875834
38375;333951;331551;50.811736,46.255601;47.125646068958,39.429415875834
38382;333949;331551;51.748899,42.806924;47.125646068958,39.429415875834
38389;333950;331551;51.587684,43.177156;47.125646068958,39.429415875834
38396;333952;331551;52.345558,48.719671;47.125646068958,39.429415875834
38403;333953;331551;51.975272,48.883326;47.125646068958,39.429415875834
38410;333954;331551;50.770944,47.390802;47.125646068958,39.429415875834
38417;333955;331551;50.958826,47.70612;47.125646068958,39.429415875834
38424;333956;331551;50.742653,47.442734;47.125646068958,39.429415875834
38431;333957;331551;50.677103,47.44436;47.125646068958,39.429415875834
38451;333960;331551;50.442141,47.301555;47.125646068958,39.429415875834
38458;333961;331551;50.784517,47.393578;47.125646068958,39.429415875834
38465;333962;331551;50.423987,47.384613;47.125646068958,39.429415875834
38478;333964;331551;52.097544,43.968769;47.125646068958,39.429415875834
38492;333966;331551;52.13144,45.180848;47.125646068958,39.429415875834
38499;333967;331551;52.192066,45.68854;47.125646068958,39.429415875834
38506;333968;331551;52.279858,45.42015;47.125646068958,39.429415875834
38513;333969;331551;52.433193,45.732836;47.125646068958,39.429415875834
38593;335619;331551;54.307463,47.628712;47.125646068958,39.429415875834
38600;335617;331551;51.813483,42.879185;47.125646068958,39.429415875834
38607;335616;331551;52.268077,43.893553;47.125646068958,39.429415875834
38614;335615;331551;52.222265,43.744119;47.125646068958,39.429415875834
38621;335610;331551;52.257455,43.785657;47.125646068958,39.429415875834
38628;335609;331551;52.391093,43.65744;47.125646068958,39.429415875834
38635;335608;331551;52.133657,43.887301;47.125646068958,39.429415875834
38642;335564;331551;52.255625,43.787507;47.125646068958,39.429415875834
38649;335563;331551;51.18069,43.707647;47.125646068958,39.429415875834
38656;335562;331551;51.206006,43.675577;47.125646068958,39.429415875834
38663;335561;331551;51.166905,43.416862;47.125646068958,39.429415875834
38670;335560;331551;51.019039,43.355561;47.125646068958,39.429415875834
38677;335559;331551;51.622813,46.032577;47.125646068958,39.429415875834
38690;335557;331551;51.436354,47.103737;47.125646068958,39.429415875834
38697;335556;331551;51.233073,46.975179;47.125646068958,39.429415875834
38704;335555;331551;51.305795,46.901975;47.125646068958,39.429415875834
38725;335553;331551;52.114592,42.954149;47.125646068958,39.429415875834
38732;335552;331551;51.985845,43.272647;47.125646068958,39.429415875834
38739;335551;331551;51.923653,43.216251;47.125646068958,39.429415875834
38753;335549;331551;52.233673,42.975763;47.125646068958,39.429415875834
38767;335547;331551;52.227606,43.054015;47.125646068958,39.429415875834
38788;335532;331551;51.389976,47.503415;47.125646068958,39.429415875834
38802;335519;331551;52.573244,47.60302;47.125646068958,39.429415875834
38815;335516;331551;52.517054,47.60497;47.125646068958,39.429415875834
38829;335514;331551;51.630406,46.418879;47.125646068958,39.429415875834
38836;335513;331551;51.593291,46.337743;47.125646068958,39.429415875834
38843;335512;331551;51.375018,46.220235;47.125646068958,39.429415875834
38850;335511;331551;51.238098,46.479228;47.125646068958,39.429415875834
38857;335510;331551;51.03464,46.379246;47.125646068958,39.429415875834
38864;335509;331551;51.352917,46.427557;47.125646068958,39.429415875834
38877;337477;331551;51.088271,45.520052;47.125646068958,39.429415875834
38878;335508;331551;50.990586,46.465978;47.125646068958,39.429415875834
38888;335507;331551;51.156902,45.92857;47.125646068958,39.429415875834
38895;335506;331551;48.720336,40.83205;47.125646068958,39.429415875834
38902;337644;331551;50.896757,45.718535;47.125646068958,39.429415875834
38912;335505;331551;48.72931,40.36533;47.125646068958,39.429415875834
38919;335504;331551;48.416183,41.3129;47.125646068958,39.429415875834
38926;335503;331551;48.041746,41.254393;47.125646068958,39.429415875834
38933;335502;331551;47.993246,41.53597;47.125646068958,39.429415875834
38940;337867;331551;50.974261,45.546085;47.125646068958,39.429415875834
38947;335501;331551;55.701288,90.434019;47.125646068958,39.429415875834
38954;335500;331551;45.542733,39.2053;47.125646068958,39.429415875834
38961;335499;331551;45.478878,39.470608;47.125646068958,39.429415875834
38974;335497;331551;45.420752,39.198428;47.125646068958,39.429415875834
38981;335496;331551;45.679392,39.031628;47.125646068958,39.429415875834
38989;335494;331551;46.713427,38.605252;47.125646068958,39.429415875834
39002;335493;331551;45.09899,38.636208;47.125646068958,39.429415875834
39743;339295;331551;52.928978,49.427373;47.125646068958,39.429415875834
39750;339294;331551;53.157741423667,50.556723786585;47.125646068958,39.429415875834
39757;339293;331551;46.090287,41.365919;47.125646068958,39.429415875834
39764;339292;331551;46.087855,41.35804;47.125646068958,39.429415875834
39777;339290;331551;46.165394,41.292041;47.125646068958,39.429415875834
39831;339282;331551;47.008679,41.755761;47.125646068958,39.429415875834
39838;339281;331551;47.01051,41.761303;47.125646068958,39.429415875834
39845;339280;331551;46.846002,41.684398;47.125646068958,39.429415875834
39852;339279;331551;46.937802,41.547091;47.125646068958,39.429415875834
39859;339278;331551;46.56047,43.657674;47.125646068958,39.429415875834
39896;340314;331551;46.342065,43.88934;47.125646068958,39.429415875834
39910;340312;331551;46.699925,43.607754;47.125646068958,39.429415875834
39917;340311;331551;47.72949,39.490308;47.125646068958,39.429415875834
39924;340310;331551;47.722101,39.71981;47.125646068958,39.429415875834
39931;340309;331551;47.687083,39.685925;47.125646068958,39.429415875834
39938;340308;331551;48.217666,41.422863;47.125646068958,39.429415875834
39945;340307;331551;48.192638,41.283229;47.125646068958,39.429415875834
39952;340306;331551;48.196872,41.351474;47.125646068958,39.429415875834
39959;340305;331551;48.298582,41.413251;47.125646068958,39.429415875834
39966;340304;331551;48.039468,41.262684;47.125646068958,39.429415875834
39973;340303;331551;55.331858,83.588965;47.125646068958,39.429415875834
40001;340271;331551;48.390193,41.473734;47.125646068958,39.429415875834
40022;340268;331551;52.600682,51.424777;47.125646068958,39.429415875834
40029;340267;331551;52.6031,51.42449;47.125646068958,39.429415875834
40043;340265;331551;54.108688,50.691922;47.125646068958,39.429415875834
40051;340263;331551;46.909017,43.197503;47.125646068958,39.429415875834
40058;340262;331551;47.2815,43.357214;47.125646068958,39.429415875834
40065;341603;331551;52.369423,49.73457;47.125646068958,39.429415875834
40072;341601;331551;52.710936,48.932842;47.125646068958,39.429415875834
40086;341600;331551;53.475012,50.941942;47.125646068958,39.429415875834
40103;341889;331551;51.17144,45.664294;47.125646068958,39.429415875834
40113;341948;331551;50.854021,46.025687;47.125646068958,39.429415875834
40123;342003;331551;50.725168,46.77808;47.125646068958,39.429415875834
40133;342074;331551;51.763137887927,48.533943157226;47.125646068958,39.429415875834
40143;342145;331551;51.575545,48.539379;47.125646068958,39.429415875834
40153;342220;331551;46.073984,40.072578;47.125646068958,39.429415875834
40163;342297;331551;46.062228,39.607466;47.125646068958,39.429415875834
40173;342352;331551;46.066199,39.634856;47.125646068958,39.429415875834
40193;342466;331551;46.000134,39.987759;47.125646068958,39.429415875834
40206;342532;331551;46.035345,38.586369;47.125646068958,39.429415875834
40216;342587;331551;45.942439,38.364342;47.125646068958,39.429415875834
40226;342643;331551;46.043502,38.177645;47.125646068958,39.429415875834
40236;342704;331551;45.714961556182,37.763523761718;47.125646068958,39.429415875834
40246;342761;331551;45.260325,38.12822;47.125646068958,39.429415875834
40266;342885;331551;47.61524,39.706317;47.125646068958,39.429415875834
40273;342884;331551;47.687739,39.414095;47.125646068958,39.429415875834
40280;342883;331551;46.517747,41.186804;47.125646068958,39.429415875834
40287;342882;331551;46.585045,41.325872;47.125646068958,39.429415875834
40294;342879;331551;46.480384,41.91045;47.125646068958,39.429415875834
40301;342878;331551;46.41408,41.362595;47.125646068958,39.429415875834
40315;342876;331551;46.475332,41.541665;47.125646068958,39.429415875834
40329;342874;331551;46.662193,41.341601;47.125646068958,39.429415875834
40336;342873;331551;46.34548,41.724688;47.125646068958,39.429415875834
40353;342868;331551;47.387143,41.022592;47.125646068958,39.429415875834
40360;342819;331551;47.517792,40.811505;47.125646068958,39.429415875834
40367;342815;331551;49.009468,42.120144;47.125646068958,39.429415875834
40374;342814;331551;48.875367,42.23335;47.125646068958,39.429415875834
40381;342813;331551;48.997789,42.425976;47.125646068958,39.429415875834
40395;342756;331551;48.747201,40.084184;47.125646068958,39.429415875834
40402;342703;331551;46.540489,41.061489;47.125646068958,39.429415875834
40409;342702;331551;46.53641,41.029571;47.125646068958,39.429415875834
40416;342701;331551;46.602335,41.000762;47.125646068958,39.429415875834
40423;342697;331551;46.831695,41.086929;47.125646068958,39.429415875834
40430;342696;331551;46.62384,41.022214;47.125646068958,39.429415875834
40437;342691;331551;46.851339,40.978475;47.125646068958,39.429415875834
40444;342642;331551;47.344933,40.71022;47.125646068958,39.429415875834
40451;342522;331551;46.395717,40.997879;47.125646068958,39.429415875834
40458;342521;331551;46.606793,40.871073;47.125646068958,39.429415875834
40465;342520;331551;47.615416,41.824697;47.125646068958,39.429415875834
40472;342519;331551;47.61459,41.818256;47.125646068958,39.429415875834
40479;342462;331551;47.647714,42.09306;47.125646068958,39.429415875834
40486;342461;331551;47.65484,42.097327;47.125646068958,39.429415875834
40493;342439;331551;47.51677,41.771041;47.125646068958,39.429415875834
40500;342404;331551;47.627982,41.969874;47.125646068958,39.429415875834
40507;344449;331551;51.670596,45.594738;47.125646068958,39.429415875834
40517;344513;331551;50.685579,42.565574;47.125646068958,39.429415875834
40527;344576;331551;50.484441,42.296376;47.125646068958,39.429415875834
40547;344690;331551;50.602298,42.417451;47.125646068958,39.429415875834
40557;344747;331551;50.531599,42.412097;47.125646068958,39.429415875834
40577;344857;331551;50.74483,42.847537;47.125646068958,39.429415875834
40587;344924;331551;50.464119,43.026221;47.125646068958,39.429415875834
40597;345011;331551;50.38358,42.658217;47.125646068958,39.429415875834
40617;345134;331551;50.529658,42.66667;47.125646068958,39.429415875834
40637;345254;331551;50.394899,43.35805;47.125646068958,39.429415875834
40647;345310;331551;50.571742,42.283341;47.125646068958,39.429415875834
40677;345475;331551;50.489295,42.540843;47.125646068958,39.429415875834
40687;345530;331551;51.046007,42.9082;47.125646068958,39.429415875834
40697;345585;331551;50.974034,42.366848;47.125646068958,39.429415875834
42014;204781;331337;69.351032419591,88.202377629639;51.159664,42.276541
42024;202611;331337;54.056017,80.785296;51.159664,42.276541
42148;345698;331551;47.424643,38.506518;47.125646068958,39.429415875834
42157;345697;331551;47.563365,38.876462;47.125646068958,39.429415875834
42166;345696;331551;47.566186,38.699261;47.125646068958,39.429415875834
42175;345695;331551;47.476266,38.632714;47.125646068958,39.429415875834
42184;345670;331551;47.573609,39.035922;47.125646068958,39.429415875834
42193;345669;331551;47.507701,38.879041;47.125646068958,39.429415875834
42202;345668;331551;47.478221,38.634142;47.125646068958,39.429415875834
42211;345273;331551;47.570928,39.029086;47.125646068958,39.429415875834
42220;345252;331551;47.568448,38.865665;47.125646068958,39.429415875834
42229;345251;331551;47.539057,38.387087;47.125646068958,39.429415875834
42238;345248;331551;47.617287,38.679013;47.125646068958,39.429415875834
42247;345245;331551;47.536143,40.46313;47.125646068958,39.429415875834
42265;345188;331551;49.503135,40.295872;47.125646068958,39.429415875834
42274;345187;331551;49.247181,40.746917;47.125646068958,39.429415875834
42284;345133;331551;49.197143,40.23732;47.125646068958,39.429415875834
42292;345186;331551;48.440748,40.495685;47.125646068958,39.429415875834
42301;345129;331551;49.3718,41.02605;47.125646068958,39.429415875834
42319;345127;331551;49.458436,41.812705;47.125646068958,39.429415875834
42328;345126;331551;49.76024,41.974204;47.125646068958,39.429415875834
42346;345124;331551;49.636642,41.738558;47.125646068958,39.429415875834
42411;346862;331551;52.1505828,39.0779099;47.125646068958,39.429415875834
42420;346878;331551;51.044986,42.4660281;47.125646068958,39.429415875834
42432;346933;331551;47.9604398,43.9703004;47.125646068958,39.429415875834
42450;346988;331551;48.198382,43.6256293;47.125646068958,39.429415875834
42524;347125;331551;46.2241767,39.154995;47.125646068958,39.429415875834
42536;347225;331551;44.9931812,39.0650324;47.125646068958,39.429415875834
42554;347289;331551;45.6415289,39.7055977;47.125646068958,39.429415875834
42566;347344;331551;46.5333073,39.0405159;47.125646068958,39.429415875834
42624;347579;331551;45.3624114,40.1854447;47.125646068958,39.429415875834
43663;204781;350166;69.351032419591,88.202377629639;47.2093799,39.7176599
43674;202611;350166;54.056017,80.785296;47.2093799,39.7176599
45778;204781;359139;69.351032419591,88.202377629639;44.7154014,37.7619669
45786;202611;359139;54.056017,80.785296;44.7154014,37.7619669
46477;204781;359469;69.351032419591,88.202377629639;45.3542988,41.7296577
46485;202611;359469;54.056017,80.785296;45.3542988,41.7296577
47488;204781;359506;69.351032419591,88.202377629639;54.1998187,46.9777151
47515;202611;359506;54.056017,80.785296;54.1998187,46.9777151
48666;204781;359504;69.351032419591,88.202377629639;51.8566255,41.4398222
48674;202611;359504;54.056017,80.785296;51.8566255,41.4398222
50629;204781;360071;69.351032419591,88.202377629639;51.640092732925,40.130095700069
50638;202611;360071;54.056017,80.785296;51.640092732925,40.130095700069
51116;362368;360071;49.8276611,42.4948881;51.640092732925,40.130095700069
51117;362368;18177;49.8276611,42.4948881;51.350031,39.298653
51118;362368;16910;49.8276611,42.4948881;50.96105,42.362519
51120;362368;330079;49.8276611,42.4948881;47.122418,39.381765
51121;362368;335318;49.8276611,42.4948881;50.812874,40.647096
51463;362368;363508;49.8276611,42.4948881;48.708048,44.5133035
52269;204781;363508;69.351032419591,88.202377629639;48.708048,44.5133035
52278;202611;363508;54.056017,80.785296;48.708048,44.5133035
52491;362368;363517;49.8276611,42.4948881;50.976255,42.6388296
53297;204781;363517;69.351032419591,88.202377629639;50.976255,42.6388296
53306;202611;363517;54.056017,80.785296;50.976255,42.6388296
53863;362368;364166;49.8276611,42.4948881;51.6531719,38.5993849
